epoch,avgLoss
1.0,20.911039863586424
2.0,12.750989097595214
3.0,11.445279090881348
4.0,10.691183013916016
5.0,10.563044288635254
6.0,14.512476051330566
7.0,13.474082283020019
8.0,13.428250759124756
9.0,13.405276374816895
10.0,13.32469197845459
